{
  "accuracy": 0.9659090909090909,
  "winrate": 0.9659090909090909,
  "drawdown": 0.0017045454545454532,
  "sharpe": 1.9318181818181819,
  "samples": 438,
  "features": [
    "ema20",
    "ema50",
    "ema_spread",
    "atr14",
    "rsi14"
  ],
  "registered_at": "2026-01-10T17:31:49.896857"
}