variant,net_pnl,max_dd,profit_factor,total_trades,win_rate,guardian_blocks,dd_avoided,missed_profit
Rule-based + Guardian,167787.9369561553,0.0,1.450432827624432,4240,0.25613207547169814,760,18846.080639217613,45646.41367374736
Alpha PPO + Guardian,263706.9810126514,0.0,1.7959362886927326,4606,0.3052540165002171,394,14520.970585617764,35009.256282781906
Alpha PPO (no Guardian),836774.0207538515,0.7858141656490782,1.7148547086328412,5000,0.3658,0,0.0,0.0
